{
	"format_version": "1.8.0",
	"animations": {
		"attack": {
			"loop": true,
			"animation_length": 0.6875,
			"bones": {
				"All": {
					"position": {
						"0.0": {
							"vector": [0, -3, 0]
						},
						"0.6875": {
							"vector": [0, -3, 0]
						}
					}
				},
				"Body": {
					"rotation": {
						"0.0": {
							"vector": [37.5, 0, 0]
						},
						"0.125": {
							"vector": [27.5, 0, 0]
						},
						"0.25": {
							"vector": [45, 0, 0]
						},
						"0.6875": {
							"vector": [37.5, 0, 0]
						}
					}
				},
				"finger": {
					"rotation": {
						"0.0": {
							"vector": [0, 0, -35]
						},
						"0.6875": {
							"vector": [0, 0, -35]
						}
					}
				},
				"finger2": {
					"rotation": {
						"0.0": {
							"vector": [0, 0, -25]
						},
						"0.6875": {
							"vector": [0, 0, -25]
						}
					}
				},
				"finer": {
					"rotation": {
						"0.0": {
							"vector": [0, 0, -40]
						},
						"0.6875": {
							"vector": [0, 0, -40]
						}
					}
				},
				"finger4": {
					"rotation": {
						"0.0": {
							"vector": [0, 0, 25]
						},
						"0.6875": {
							"vector": [0, 0, 25]
						}
					}
				},
				"finger5": {
					"rotation": {
						"0.0": {
							"vector": [0, 0, 32.5]
						},
						"0.6875": {
							"vector": [0, 0, 32.5]
						}
					}
				},
				"finger6": {
					"rotation": {
						"0.0": {
							"vector": [0, 0, 35]
						},
						"0.6875": {
							"vector": [0, 0, 35]
						}
					}
				},
				"Left_arm": {
					"rotation": {
						"0.0": {
							"vector": [-45, 30, 0]
						},
						"0.125": {
							"vector": [-72.5, 30, 0]
						},
						"0.25": {
							"vector": [92.89308, 46.48813, 28.63457]
						},
						"0.5": {
							"vector": [56.40068, 20.78693, 23.18125]
						},
						"0.6875": {
							"vector": [-45, 30, 0]
						}
					}
				},
				"Left_arm2": {
					"rotation": {
						"0.0": {
							"vector": [-52.90708, 11.63913, -64.40655]
						},
						"0.6875": {
							"vector": [-52.90708, 11.63913, -64.40655]
						}
					}
				},
				"Left_leg": {
					"rotation": {
						"0.0": {
							"vector": [0, 0, -60]
						},
						"0.375": {
							"vector": [21.99054, -12.19908, -62.37887]
						},
						"0.6875": {
							"vector": [0, 0, -60]
						}
					}
				},
				"Left_leg2": {
					"rotation": {
						"0.0": {
							"vector": [0, 0, 60]
						},
						"0.6875": {
							"vector": [0, 0, 60]
						}
					}
				},
				"Mouth": {
					"rotation": {
						"0.0": {
							"vector": [27.5, 0, 0]
						},
						"0.125": {
							"vector": [42.5, 0, 0]
						},
						"0.6875": {
							"vector": [27.5, 0, 0]
						}
					}
				},
				"Mouth2": {
					"rotation": {
						"0.0": {
							"vector": [-12.5, 0, 0]
						},
						"0.125": {
							"vector": [-25, 0, 0]
						},
						"0.6875": {
							"vector": [-12.5, 0, 0]
						}
					}
				},
				"Neck": {
					"rotation": {
						"0.0": {
							"vector": [45, 0, 0]
						},
						"0.125": {
							"vector": [45, 0, 0]
						},
						"0.25": {
							"vector": [60, 0, 0]
						},
						"0.5": {
							"vector": [42.5, 0, 0]
						},
						"0.6875": {
							"vector": [45, 0, 0]
						}
					}
				},
				"Right_arm": {
					"rotation": {
						"0.0": {
							"vector": [5, -27.5, 0]
						},
						"0.25": {
							"vector": [34.45579, -17.36705, 7.93524]
						},
						"0.5": {
							"vector": [45.25748, 1.39627, -32.42132]
						},
						"0.6875": {
							"vector": [5, -27.5, 0]
						}
					}
				},
				"Right_arm2": {
					"rotation": {
						"0.0": {
							"vector": [-70.45613, -42.5102, 51.99059]
						},
						"0.25": {
							"vector": [-69.92116, -19.36552, 9.54826]
						},
						"0.6875": {
							"vector": [-70.45613, -42.5102, 51.99059]
						}
					}
				},
				"Right_leg": {
					"rotation": {
						"0.0": {
							"vector": [0, 0, 60]
						},
						"0.6875": {
							"vector": [0, 0, 60]
						}
					}
				},
				"Right_leg2": {
					"rotation": {
						"0.0": {
							"vector": [0, 0, -60]
						},
						"0.6875": {
							"vector": [0, 0, -60]
						}
					}
				},
				"Tail": {
					"rotation": {
						"0.0": {
							"vector": [-60, 0, 0]
						},
						"0.25": {
							"vector": [-32.5, 0, 0]
						},
						"0.6875": {
							"vector": [-60, 0, 0]
						}
					}
				},
				"Tail2": {
					"rotation": {
						"0.0": {
							"vector": [42.5, 0, 0]
						},
						"0.6875": {
							"vector": [42.5, 0, 0]
						}
					}
				},
				"root": {
					"rotation": {
						"0.0": {
							"vector": [0, -5, 0]
						},
						"0.3125": {
							"vector": [0, 12.5, 0]
						},
						"0.6875": {
							"vector": [0, -5, 0]
						}
					}
				}
			}
		},
		"walk": {
			"loop": true,
			"animation_length": 1.04167,
			"bones": {
				"All": {
					"position": {
						"0.0": {
							"vector": [0, -5, 0]
						},
						"0.25": {
							"vector": [0, -4, 0]
						},
						"0.5": {
							"vector": [0, -5, 0]
						},
						"0.75": {
							"vector": [0, -4, 0]
						},
						"1.0": {
							"vector": [0, -5, 0]
						}
					}
				},
				"Body": {
					"rotation": {
						"vector": [37.5, 0, 0]
					}
				},
				"finger": {
					"rotation": {
						"vector": [0, 0, -35]
					}
				},
				"finger2": {
					"rotation": {
						"vector": [0, 0, -25]
					}
				},
				"finer": {
					"rotation": {
						"vector": [0, 0, -40]
					}
				},
				"finger4": {
					"rotation": {
						"vector": [0, 0, 25]
					}
				},
				"finger5": {
					"rotation": {
						"vector": [0, 0, 32.5]
					}
				},
				"finger6": {
					"rotation": {
						"vector": [0, 0, 35]
					}
				},
				"Left_arm": {
					"rotation": {
						"0.0": {
							"vector": [-20, 30, 0]
						},
						"0.5": {
							"vector": [23.4104, 27.66649, -22.05788]
						},
						"1.0": {
							"vector": [-20, 30, 0]
						}
					}
				},
				"Left_arm2": {
					"rotation": {
						"vector": [-57.8695, 56.38671, -58.92193]
					}
				},
				"Left_leg": {
					"rotation": {
						"0.0": {
							"vector": [0, 40, -60]
						},
						"0.25": {
							"vector": [-21.01754, 18.31842, -105.3144]
						},
						"0.5": {
							"vector": [-15.45617, 12.85875, -65.53697]
						},
						"0.75": {
							"vector": [-18.35771, 34.41628, -72.63839]
						},
						"1.0": {
							"vector": [0, 40, -60]
						}
					}
				},
				"Left_leg2": {
					"rotation": {
						"0.0": {
							"vector": [-5.66962, -42.02593, 72.88193]
						},
						"0.125": {
							"vector": [12.5, 0, 60]
						},
						"0.25": {
							"vector": [-13.06431, 7.43547, 89.14743]
						},
						"0.5": {
							"vector": [-14.98637, -0.64686, 57.58508]
						},
						"0.75": {
							"vector": [-4.98637, -0.64686, 57.58508]
						},
						"1.0": {
							"vector": [-5.66962, -42.02593, 72.88193]
						}
					}
				},
				"Mouth": {
					"rotation": {
						"vector": [27.5, 0, 0]
					}
				},
				"Mouth2": {
					"rotation": {
						"vector": [-30, 0, 0]
					}
				},
				"Neck": {
					"rotation": {
						"0.0": {
							"vector": [55, 0, 0]
						},
						"0.5": {
							"vector": [60, 0, 0]
						},
						"1.0": {
							"vector": [55, 0, 0]
						}
					}
				},
				"Right_arm": {
					"rotation": {
						"0.0": {
							"vector": [47.5, -27.5, 0]
						},
						"0.5": {
							"vector": [-14.56246, -23.71171, 27.46107]
						},
						"1.0": {
							"vector": [47.5, -27.5, 0]
						}
					}
				},
				"Right_arm2": {
					"rotation": {
						"vector": [-70.45613, -42.5102, 51.99059]
					}
				},
				"Right_leg": {
					"rotation": {
						"0.0": {
							"vector": [-14.24171, 23.38451, 61.32387]
						},
						"0.25": {
							"vector": [-13.11869, -5.80258, 68.42609]
						},
						"0.5": {
							"vector": [-17.7094, -42.07054, 79.15326]
						},
						"0.625": {
							"vector": [-25.71243, -18.61712, 100.10432]
						},
						"0.75": {
							"vector": [-13.40556, -13.10313, 70.16915]
						},
						"1.0": {
							"vector": [-14.24171, 23.38451, 61.32387]
						}
					}
				},
				"Right_leg2": {
					"rotation": {
						"0.0": {
							"vector": [0, 0, -60]
						},
						"0.125": {
							"vector": [7.5, 0, -60]
						},
						"0.25": {
							"vector": [7.43656, 0.9762, -67.43656]
						},
						"0.625": {
							"vector": [-17.83013, -6.18002, -88.80448]
						},
						"0.75": {
							"vector": [-27.56344, 0.9762, -67.43656]
						},
						"1.0": {
							"vector": [0, 0, -60]
						}
					}
				},
				"Tail": {
					"rotation": {
						"vector": [-60, 0, 0]
					}
				},
				"Tail2": {
					"rotation": {
						"vector": [42.5, 0, 0]
					}
				}
			}
		},
		"idle": {
			"loop": true,
			"bones": {
				"All": {
					"position": {
						"vector": [0, -3, 0]
					}
				},
				"Body": {
					"rotation": {
						"vector": ["47.5+math.sin(query.life_time * 180.0) * 3", 0, 0]
					}
				},
				"finger": {
					"rotation": {
						"vector": [0, 0, -35]
					}
				},
				"finger2": {
					"rotation": {
						"vector": [0, 0, -25]
					}
				},
				"finer": {
					"rotation": {
						"vector": [0, 0, -40]
					}
				},
				"finger4": {
					"rotation": {
						"vector": [0, 0, 25]
					}
				},
				"finger5": {
					"rotation": {
						"vector": [0, 0, 32.5]
					}
				},
				"finger6": {
					"rotation": {
						"vector": [0, 0, 35]
					}
				},
				"Left_arm": {
					"rotation": {
						"vector": ["10+math.sin(query.life_time * 90.0) * 3", 30, 0]
					}
				},
				"Left_arm2": {
					"rotation": {
						"vector": ["-57.8695+math.sin(query.life_time * 180.0) * 3", 56.38671, -58.92193]
					}
				},
				"Left_leg": {
					"rotation": {
						"vector": [0, 0, -60]
					}
				},
				"Left_leg2": {
					"rotation": {
						"vector": [0, 0, 60]
					}
				},
				"Mouth": {
					"rotation": {
						"vector": ["57.5+math.sin(query.life_time * 180.0) * 6", 0, 0]
					}
				},
				"Mouth2": {
					"rotation": {
						"vector": ["-45+math.sin(query.life_time * 180.0) * 3", 0, 0]
					}
				},
				"Neck": {
					"rotation": {
						"vector": ["55+math.sin(query.life_time * 180.0) * 3", 0, 0]
					}
				},
				"Right_arm": {
					"rotation": {
						"vector": ["5+math.sin(query.life_time * 180.0) * 3", -27.5, 0]
					}
				},
				"Right_arm2": {
					"rotation": {
						"vector": ["-70.4561+math.sin(query.life_time * 180.0) * 3", -42.5102, 51.99059]
					}
				},
				"Right_leg": {
					"rotation": {
						"vector": [0, 0, 60]
					}
				},
				"Right_leg2": {
					"rotation": {
						"vector": [0, 0, -60]
					}
				},
				"Tail": {
					"rotation": {
						"vector": [-37.5, 0, 0]
					}
				},
				"Tail2": {
					"rotation": {
						"vector": [42.5, 0, 0]
					}
				}
			}
		}
	},
	"geckolib_format_version": 2
}