{
	"format_version": "1.8.0",
	"animations": {
		"walk": {
			"loop": true,
			"animation_length": 1,
			"bones": {
				"bone": {
					"position": {
						"0.0": {
							"vector": [0, -0.5, 0]
						},
						"0.25": {
							"vector": [0, 0, 0]
						},
						"0.5": {
							"vector": [0, -0.5, 0]
						},
						"0.75": {
							"vector": [0, 0, 0]
						},
						"1.0": {
							"vector": [0, -0.5, 0]
						}
					}
				},
				"arm_right": {
					"rotation": {
						"0.0": {
							"vector": [-20.15437, 17.33683, -10.74891]
						},
						"0.25": {
							"vector": [1.7945, 2.66575, -4.29097]
						},
						"0.5": {
							"vector": [17.53324, -19.549, -13.67192],
							"easing": "easeInSine"
						},
						"0.75": {
							"vector": [1.7945, 2.66575, -4.29097]
						},
						"1.0": {
							"vector": [-20.15437, 17.33683, -10.74891]
						}
					}
				},
				"arm_left": {
					"rotation": {
						"0.0": {
							"vector": [15.73074, 18.00915, 10.15234]
						},
						"0.25": {
							"vector": [0.72202, -0.73387, 5.27412]
						},
						"0.5": {
							"vector": [-24.98324, -21.42671, 10.97415],
							"easing": "easeInSine"
						},
						"0.75": {
							"vector": [0.72202, -0.73387, 5.27412]
						},
						"1.0": {
							"vector": [15.73074, 18.00915, 10.15234]
						}
					}
				},
				"leg_left": {
					"rotation": {
						"0.0": {
							"vector": [-15, 0, 0]
						},
						"0.5": {
							"vector": [15, 0, 0],
							"easing": "easeInSine"
						},
						"1.0": {
							"vector": [-15, 0, 0],
							"easing": "easeInSine"
						}
					}
				},
				"leg_right": {
					"rotation": {
						"0.0": {
							"vector": [15, 0, 0]
						},
						"0.5": {
							"vector": [-15, 0, 0],
							"easing": "easeInSine"
						},
						"1.0": {
							"vector": [15, 0, 0],
							"easing": "easeInSine"
						}
					}
				},
				"body": {
					"rotation": {
						"0.0": {
							"vector": [0, 5, 0]
						},
						"0.25": {
							"vector": [0, 0, 0]
						},
						"0.5": {
							"vector": [0, -5, 0]
						},
						"0.75": {
							"vector": [0, 0, 0]
						},
						"1.0": {
							"vector": [0, 5, 0]
						}
					}
				}
			}
		},
		"idle": {
			"loop": true,
			"animation_length": 4,
			"bones": {
				"arm_left": {
					"rotation": {
						"0.0": {
							"vector": [0, 0, 2.5]
						},
						"2.0": {
							"vector": [0, 0, 0]
						},
						"4.0": {
							"vector": [0, 0, 2.5]
						}
					}
				},
				"arm_right": {
					"rotation": {
						"0.0": {
							"vector": [0, 0, -2.5]
						},
						"2.0": {
							"vector": [0, 0, 0]
						},
						"4.0": {
							"vector": [0, 0, -2.5]
						}
					}
				},
				"body": {
					"position": {
						"0.0": {
							"vector": [0, -0.1, 0]
						},
						"2.0": {
							"vector": [0, 0.1, 0]
						},
						"4.0": {
							"vector": [0, -0.1, 0]
						}
					}
				},
				"head": {
					"position": {
						"0.0": {
							"vector": [0, -0.25, 0]
						},
						"2.0": {
							"vector": [0, 0, 0]
						},
						"4.0": {
							"vector": [0, -0.25, 0]
						}
					}
				}
			}
		},
		"attack": {
			"loop": true,
			"animation_length": 0.79167,
			"bones": {
				"body": {
					"rotation": {
						"0.0": {
							"vector": [0, 7.5, 0]
						},
						"0.4167": {
							"vector": [0, 20, 0]
						},
						"0.7917": {
							"vector": [0, -30, 0]
						}
					}
				},
				"arm_left": {
					"rotation": {
						"0.0": {
							"vector": [-0.65182, 0.02821, 4.95712]
						},
						"0.7083": {
							"vector": [-1.50192, 0.11953, 7.3053]
						}
					}
				},
				"arm_right": {
					"rotation": {
						"0.0": {
							"vector": [-9.77381, 34.7332, -6.13219]
						},
						"0.4167": {
							"vector": [-26.56505, 37.76124, -66.73152]
						},
						"0.7917": {
							"vector": [69.68764, -70.2934, -32.80215]
						}
					}
				},
				"head": {
					"rotation": {
						"0.0": {
							"vector": [0, 5, 0]
						},
						"0.4167": {
							"vector": [0, 5, -2.5]
						},
						"0.7917": {
							"vector": [0.65681, -9.98572, -2.52881]
						}
					}
				}
			}
		}
	},
	"geckolib_format_version": 2
}