{
	"format_version": "1.8.0",
	"animations": {
		"attack": {
			"animation_length": 1,
			"bones": {
				"All": {
					"position": {
						"0.0": {
							"vector": [0, -6, 0]
						},
						"1.0": {
							"vector": [0, -6, 0]
						}
					}
				},
				"Body": {
					"rotation": {
						"0.0": {
							"vector": [22.5, 0, 0]
						},
						"0.25": {
							"vector": [27.56928, 34.22348, 16.36452]
						},
						"0.5": {
							"vector": [37.70159, 35.90597, 35.78496]
						},
						"1.0": {
							"vector": [22.5, 0, 0]
						}
					}
				},
				"Body2": {
					"rotation": {
						"0.0": {
							"vector": [6.6503, -22.5941, 1.7535]
						},
						"0.125": {
							"vector": [7.09482, -30.04042, 0.75297]
						},
						"0.25": {
							"vector": [6.23625, -10.17236, 3.21275]
						},
						"0.5": {
							"vector": [6.18718, 7.22648, 5.09965]
						},
						"1.0": {
							"vector": [6.6503, -22.5941, 1.7535]
						}
					}
				},
				"bone": {
					"rotation": {
						"0.0": {
							"vector": [0, 52.5, 0]
						},
						"1.0": {
							"vector": [0, 52.5, 0]
						}
					}
				},
				"bone3": {
					"rotation": {
						"0.0": {
							"vector": [0, -25, 0]
						},
						"1.0": {
							"vector": [0, -25, 0]
						}
					}
				},
				"bone4": {
					"rotation": {
						"0.0": {
							"vector": [0, -35, 0]
						},
						"1.0": {
							"vector": [0, -35, 0]
						}
					}
				},
				"bone6": {
					"rotation": {
						"0.0": {
							"vector": [0, 35, 0]
						},
						"1.0": {
							"vector": [0, 35, 0]
						}
					}
				},
				"bone7": {
					"rotation": {
						"0.0": {
							"vector": [-52.5, 0, 0]
						},
						"0.25": {
							"vector": [-22.5, 0, 0]
						},
						"1.0": {
							"vector": [-52.5, 0, 0]
						}
					}
				},
				"bone8": {
					"rotation": {
						"0.0": {
							"vector": [-17.5, 0, 0]
						},
						"1.0": {
							"vector": [-17.5, 0, 0]
						}
					}
				},
				"Head": {
					"rotation": {
						"0.0": {
							"vector": [32.68972, 25.33407, 8.23186]
						},
						"0.25": {
							"vector": [10.18972, 25.33407, 8.23186]
						},
						"1.0": {
							"vector": [32.68972, 25.33407, 8.23186]
						}
					}
				},
				"Left_arm": {
					"rotation": {
						"0.0": {
							"vector": [0, 0, -7.5]
						},
						"0.25": {
							"vector": [0, 20, 7.5]
						},
						"0.5": {
							"vector": [35, 20, 7.5]
						},
						"1.0": {
							"vector": [0, 0, -7.5]
						}
					}
				},
				"Left_arm2": {
					"rotation": {
						"0.0": {
							"vector": [-10.80524, 22.13991, -19.11405]
						},
						"0.125": {
							"vector": [-10, 0, -15]
						},
						"0.25": {
							"vector": [-7.69725, 23.34777, -11.08665]
						},
						"1.0": {
							"vector": [-10.80524, 22.13991, -19.11405]
						}
					}
				},
				"Left_arm3": {
					"rotation": {
						"0.0": {
							"vector": [-44.0222, 33.30641, -20.9115]
						},
						"0.125": {
							"vector": [-40.20368, 25.87558, -13.20371]
						},
						"0.5": {
							"vector": [-45.2156, 35.08613, -23.03445]
						},
						"1.0": {
							"vector": [-44.0222, 33.30641, -20.9115]
						}
					}
				},
				"Left_arm4": {
					"rotation": {
						"0.0": {
							"vector": [-12.5, 20, 0]
						},
						"0.125": {
							"vector": [-11.77121, -4.4588, 5.26423]
						},
						"0.25": {
							"vector": [-12.03232, 12.67068, 1.6593]
						},
						"0.5": {
							"vector": [-13.54741, 29.74443, -2.48097]
						},
						"1.0": {
							"vector": [-12.5, 20, 0]
						}
					}
				},
				"Left_arm5": {
					"rotation": {
						"0.0": {
							"vector": [-12.79362, 12.19908, -2.74715]
						},
						"0.25": {
							"vector": [2.32915, 22.1913, -2.33346]
						},
						"0.5": {
							"vector": [2.62272, 34.67976, -1.72059]
						},
						"1.0": {
							"vector": [-12.79362, 12.19908, -2.74715]
						}
					}
				},
				"Left_leg": {
					"rotation": {
						"0.0": {
							"vector": [0, 0, -60]
						},
						"1.0": {
							"vector": [0, 0, -60]
						}
					}
				},
				"Left_leg2": {
					"rotation": {
						"0.0": {
							"vector": [0, 0, 60]
						},
						"1.0": {
							"vector": [0, 0, 60]
						}
					}
				},
				"Right_arm": {
					"rotation": {
						"0.0": {
							"vector": [0, 0, -40]
						},
						"0.125": {
							"vector": [0, -15, -40]
						},
						"0.5": {
							"vector": [11.17505, -10.07026, -88.4877]
						},
						"1.0": {
							"vector": [0, 0, -40]
						}
					}
				},
				"Right_arm2": {
					"rotation": {
						"0.0": {
							"vector": [3.48303, 24.77164, 8.26511]
						},
						"0.125": {
							"vector": [3.17518, -5.18011, 6.51726]
						},
						"1.0": {
							"vector": [3.48303, 24.77164, 8.26511]
						}
					}
				},
				"Right_arm3": {
					"rotation": {
						"0.0": {
							"vector": [-18.54835, -19.03771, 28.74605]
						},
						"0.125": {
							"vector": [-20.49807, -30.82594, 33.3448]
						},
						"1.0": {
							"vector": [-18.54835, -19.03771, 28.74605]
						}
					}
				},
				"Right_arm4": {
					"rotation": {
						"0.0": {
							"vector": [-26.27408, -39.40865, 39.90119]
						},
						"1.0": {
							"vector": [-26.27408, -39.40865, 39.90119]
						}
					}
				},
				"Right_arm5": {
					"rotation": {
						"0.0": {
							"vector": [-33.60502, -17.72091, -24.60981]
						},
						"1.0": {
							"vector": [-33.60502, -17.72091, -24.60981]
						}
					}
				},
				"Right_leg": {
					"rotation": {
						"0.0": {
							"vector": [0, 0, 60]
						},
						"1.0": {
							"vector": [0, 0, 60]
						}
					}
				},
				"Right_leg2": {
					"rotation": {
						"0.0": {
							"vector": [0, 0, -60]
						},
						"1.0": {
							"vector": [0, 0, -60]
						}
					}
				}
			}
		},
		"idle": {
			"loop": true,
			"animation_length": 5.5,
			"bones": {
				"All": {
					"position": {
						"vector": [0, -6, 0]
					}
				},
				"Body": {
					"rotation": {
						"0.0": {
							"vector": [16.34134, 30.73293, -5.91106]
						},
						"1.0": {
							"vector": [9.93459, 21.54152, 10.86696]
						},
						"2.0": {
							"vector": [14.5968, -40.0264, -0.66089]
						},
						"3.0": {
							"vector": [19.5968, -40.0264, -0.66089]
						},
						"4.0": {
							"vector": [15.4782, -6.27558, 0.15489]
						},
						"5.0": {
							"vector": [16.57059, 25.69154, 6.69964]
						},
						"5.5": {
							"vector": [16.34134, 30.73293, -5.91106]
						}
					}
				},
				"Body2": {
					"rotation": {
						"0.0": {
							"vector": [0, 15, 0]
						},
						"1.0": {
							"vector": [12.3358, -11.88027, -5.86174]
						},
						"2.0": {
							"vector": [5.40225, -13.69753, 6.03699]
						},
						"3.0": {
							"vector": [10.40225, -13.69753, 6.03699]
						},
						"5.5": {
							"vector": [0, 15, 0]
						}
					}
				},
				"bone": {
					"rotation": {
						"0.0": {
							"vector": [0, 42.5, 0]
						},
						"0.5": {
							"vector": [-21.16931, 37.75546, -32.31223]
						},
						"5.5": {
							"vector": [0, 42.5, 0]
						}
					}
				},
				"bone2": {
					"rotation": {
						"0.5": {
							"vector": [0, 0, -20]
						},
						"3.0": {
							"vector": [0, 0, -35]
						},
						"5.5": {
							"vector": [0, 0, -20]
						}
					}
				},
				"bone3": {
					"rotation": {
						"0.0": {
							"vector": [0, -32.5, 0]
						},
						"0.5": {
							"vector": [9.36302, -31.26463, -17.62528]
						},
						"5.5": {
							"vector": [0, -32.5, 0]
						}
					}
				},
				"bone4": {
					"rotation": {
						"0.0": {
							"vector": [0, -30, 0]
						},
						"0.5": {
							"vector": [-9.8491, -28.48042, 20.00533]
						},
						"5.5": {
							"vector": [0, -30, 0]
						}
					}
				},
				"bone5": {
					"rotation": {
						"vector": [0, 0, 15]
					}
				},
				"bone6": {
					"rotation": {
						"0.0": {
							"vector": [0, 25, 0]
						},
						"0.5": {
							"vector": [6.8817, 24.09293, 16.47027]
						},
						"5.5": {
							"vector": [0, 25, 0]
						}
					}
				},
				"bone7": {
					"rotation": {
						"0.0": {
							"vector": [-12.5, 0, 0]
						},
						"0.5": {
							"vector": [0, 0, 0]
						},
						"1.0": {
							"vector": [-7.5, 0, 0]
						},
						"1.5": {
							"vector": [-20, 0, 0]
						},
						"2.0": {
							"vector": [-35, 0, 0]
						},
						"2.5": {
							"vector": [-5, 0, 0]
						},
						"3.0": {
							"vector": [-20, 0, 0]
						},
						"3.5": {
							"vector": [-5, 0, 0]
						},
						"4.5": {
							"vector": [-22.5, 0, 0]
						},
						"5.5": {
							"vector": [-12.5, 0, 0]
						}
					}
				},
				"Head": {
					"rotation": {
						"0.0": {
							"vector": [0, 10, 0]
						},
						"1.0": {
							"vector": [0, -5, 0]
						},
						"2.5": {
							"vector": [0, -15, 0]
						},
						"3.5": {
							"vector": [0, 2.5, 0]
						},
						"5.5": {
							"vector": [0, 10, 0]
						}
					}
				},
				"Left_arm": {
					"rotation": {
						"0.0": {
							"vector": [0, 0, 30]
						},
						"1.0": {
							"vector": [0, 0, 22.5]
						},
						"1.5": {
							"vector": [-14.70516, -34.89321, 32.14445]
						},
						"2.5": {
							"vector": [-18.89123, -33.93547, 25.47859]
						},
						"3.0": {
							"vector": [-12.5, -37.5, 7.5]
						},
						"4.0": {
							"vector": [-9.95678, 6.73218, -1.3651]
						},
						"5.0": {
							"vector": [-9.98668, -8.04374, 1.22532]
						},
						"5.5": {
							"vector": [0, 0, 30]
						}
					}
				},
				"Left_arm2": {
					"rotation": {
						"0.0": {
							"vector": [-20, -17.5, 0]
						},
						"1.0": {
							"vector": [3.10422, 10.81751, -10.02652]
						},
						"1.5": {
							"vector": [3.26184, 20.80217, -9.45016]
						},
						"2.5": {
							"vector": [6.53654, 30.34187, -2.97213]
						},
						"3.0": {
							"vector": [3.75898, 35.77449, -8.41011]
						},
						"4.5": {
							"vector": [3.2117, 18.30616, -9.59994]
						},
						"5.5": {
							"vector": [-20, -17.5, 0]
						}
					}
				},
				"Left_arm3": {
					"rotation": {
						"0.0": {
							"vector": [-20, -17.5, 0]
						},
						"0.5": {
							"vector": [-19.04067, -0.99101, -5.90405]
						},
						"1.0": {
							"vector": [-21.07729, 24.9027, -15.46415]
						},
						"2.5": {
							"vector": [-17.88676, 7.71245, 4.37557]
						},
						"3.5": {
							"vector": [-20.68543, 22.56684, -14.4908]
						},
						"4.0": {
							"vector": [-24.72055, 38.73944, -22.31766]
						},
						"4.5": {
							"vector": [-19.15023, 6.09739, -8.35849]
						},
						"5.0": {
							"vector": [-19.23595, -8.07758, -3.43903]
						},
						"5.5": {
							"vector": [-20, -17.5, 0]
						}
					}
				},
				"Left_arm4": {
					"rotation": {
						"0.0": {
							"vector": [-21.22934, 12.47462, -13.80367]
						},
						"0.5": {
							"vector": [-22.37622, 21.76301, -17.68579]
						},
						"1.0": {
							"vector": [-25.73229, 35.47921, -24.63529]
						},
						"1.5": {
							"vector": [-38.23229, 35.47921, -24.63529]
						},
						"2.5": {
							"vector": [11.97256, 20.69809, -10.25173]
						},
						"3.5": {
							"vector": [8.64905, 50.34717, -21.89573]
						},
						"4.5": {
							"vector": [-4.46631, 5.64253, -28.02971]
						},
						"5.5": {
							"vector": [-21.22934, 12.47462, -13.80367]
						}
					}
				},
				"Left_arm5": {
					"rotation": {
						"0.0": {
							"vector": [-24.4935, 10.05838, -11.43111]
						},
						"0.5": {
							"vector": [-24.95085, 14.60065, -13.57101]
						},
						"2.5": {
							"vector": [-24.1335, 3.22189, -8.32412]
						},
						"3.0": {
							"vector": [-22.97951, 8.23452, 3.18824]
						},
						"5.0": {
							"vector": [-5.47951, 8.23452, 3.18824]
						},
						"5.5": {
							"vector": [-24.4935, 10.05838, -11.43111]
						}
					}
				},
				"Left_leg": {
					"rotation": {
						"0.0": {
							"vector": [0, 0, -60]
						},
						"0.5": {
							"vector": [0, 0, -60],
							"easing": "easeInOutSine"
						},
						"1.0": {
							"vector": [22.52508, 1.06084, -86.78651],
							"easing": "easeInOutSine"
						},
						"1.5": {
							"vector": [58.68031, -27.45184, -70.56551],
							"easing": "easeInOutSine"
						},
						"4.0": {
							"vector": [58.68031, -27.45184, -70.56551],
							"easing": "easeInOutSine"
						},
						"4.5": {
							"vector": [10.02411, -1.15726, -85.63316],
							"easing": "easeInOutSine"
						},
						"5.0": {
							"vector": [-9.66771, 2.72951, -63.46504],
							"easing": "easeInOutSine"
						},
						"5.5": {
							"vector": [0, 0, -60],
							"easing": "easeInOutSine"
						}
					}
				},
				"Left_leg2": {
					"rotation": {
						"0.0": {
							"vector": [0, 0, 60]
						},
						"0.5": {
							"vector": [0, 0, 60],
							"easing": "easeInOutSine"
						},
						"1.0": {
							"vector": [-0.44963, 0.73528, 84.84388],
							"easing": "easeInOutSine"
						},
						"1.5": {
							"vector": [-0.69678, 0.50725, 62.34368],
							"easing": "easeInOutSine"
						},
						"4.0": {
							"vector": [-0.69678, 0.50725, 62.34368],
							"easing": "easeInOutSine"
						},
						"4.5": {
							"vector": [-5.02893, 6.33693, 78.01952],
							"easing": "easeInOutSine"
						},
						"5.0": {
							"vector": [-1.40514, 6.17987, 65.44526],
							"easing": "easeInOutSine"
						},
						"5.5": {
							"vector": [0, 0, 60],
							"easing": "easeInOutSine"
						}
					}
				},
				"Right_arm": {
					"rotation": {
						"0.0": {
							"vector": [-5.7632, -24.3683, -23.75462]
						},
						"0.5": {
							"vector": [4.06573, -20.88127, -72.60451],
							"easing": "easeInOutSine"
						},
						"1.0": {
							"vector": [-1.28907, -34.9723, -34.49502],
							"easing": "easeInOutSine"
						},
						"1.5": {
							"vector": [-1.56265, -47.46849, -34.08232],
							"easing": "easeInOutSine"
						},
						"2.0": {
							"vector": [-1.10765, 17.51782, -35.56742],
							"easing": "easeInOutSine"
						},
						"2.5": {
							"vector": [-1.08182, -12.47695, -35.00022],
							"easing": "easeInOutSine"
						},
						"3.0": {
							"vector": [-8.58182, -12.47695, -35.00022],
							"easing": "easeInOutSine"
						},
						"3.5": {
							"vector": [-14.1426, -5.35962, -0.27475],
							"easing": "easeInOutSine"
						},
						"4.0": {
							"vector": [-14.26628, 9.18677, -3.94766],
							"easing": "easeInOutSine"
						},
						"4.5": {
							"vector": [-16.48928, 3.8315, -23.35094],
							"easing": "easeInOutSine"
						},
						"5.5": {
							"vector": [-5.7632, -24.3683, -23.75462]
						}
					}
				},
				"Right_arm2": {
					"rotation": {
						"0.0": {
							"vector": [0, 12.5, 0]
						},
						"0.5": {
							"vector": [2.54721, 17.66479, 5.51647],
							"easing": "easeInOutSine"
						},
						"1.0": {
							"vector": [2.46307, -9.80993, 4.32316],
							"easing": "easeInOutSine"
						},
						"3.5": {
							"vector": [2.79686, -29.78937, 3.35272],
							"easing": "easeInOutSine"
						},
						"4.0": {
							"vector": [2.67367, -24.79506, 3.62113],
							"easing": "easeInOutSine"
						},
						"4.5": {
							"vector": [2.44695, -7.31223, 4.43144],
							"easing": "easeInOutSine"
						},
						"5.5": {
							"vector": [0, 12.5, 0],
							"easing": "easeInOutSine"
						}
					}
				},
				"Right_arm3": {
					"rotation": {
						"0.0": {
							"vector": [0, 10, 0]
						},
						"0.5": {
							"vector": [2.61298, 9.65594, 15.22074],
							"easing": "easeInOutSine"
						},
						"1.0": {
							"vector": [2.79464, -22.80983, 13.69803],
							"easing": "easeInOutSine"
						},
						"2.5": {
							"vector": [2.64185, -12.82101, 14.19553],
							"easing": "easeInOutSine"
						},
						"4.5": {
							"vector": [6.91499, -11.13679, -6.18258],
							"easing": "easeInOutSine"
						},
						"5.0": {
							"vector": [4.61799, -10.43199, -1.34651],
							"easing": "easeInOutSine"
						},
						"5.5": {
							"vector": [0, 10, 0],
							"easing": "easeInOutSine"
						}
					}
				},
				"Right_arm4": {
					"rotation": {
						"0.0": {
							"vector": [-15, 10, 0]
						},
						"0.5": {
							"vector": [-11.94604, 13.51506, 14.89924],
							"easing": "easeInOutSine"
						},
						"1.0": {
							"vector": [-13.87195, -32.9188, 25.37378],
							"easing": "easeInOutSine"
						},
						"1.5": {
							"vector": [-38.87195, -32.9188, 25.37378],
							"easing": "easeInOutSine"
						},
						"2.5": {
							"vector": [-34.3122, -20.84137, 15.36482],
							"easing": "easeInOutSine"
						},
						"3.0": {
							"vector": [-37.02705, -28.97458, 21.78914],
							"easing": "easeInOutSine"
						},
						"4.5": {
							"vector": [-32.98261, -14.59474, 11.00434],
							"easing": "easeInOutSine"
						},
						"5.5": {
							"vector": [-15, 10, 0],
							"easing": "easeInOutSine"
						}
					}
				},
				"Right_arm5": {
					"rotation": {
						"0.0": {
							"vector": [-22.5, 10, 0]
						},
						"0.5": {
							"vector": [-19.32591, 15.38313, 14.35935],
							"easing": "easeInOutSine"
						},
						"1.0": {
							"vector": [5.89871, -21.93912, 10.63898],
							"easing": "easeInOutSine"
						},
						"5.5": {
							"vector": [-22.5, 10, 0],
							"easing": "easeInOutSine"
						}
					}
				},
				"Right_leg": {
					"rotation": {
						"0.0": {
							"vector": [0, 0, 60]
						},
						"1.5": {
							"vector": [0, 0, 60],
							"easing": "easeInOutSine"
						},
						"2.0": {
							"vector": [-51.19087, 0.62233, 96.85554],
							"easing": "easeInOutSine"
						},
						"2.5": {
							"vector": [-76.38199, -33.60809, 89.09373],
							"easing": "easeInOutSine"
						},
						"3.0": {
							"vector": [-76.38199, -33.60809, 89.09373],
							"easing": "easeInOutSine"
						},
						"3.5": {
							"vector": [-14.99654, -6.97564, 103.42842],
							"easing": "easeInOutSine"
						},
						"4.0": {
							"vector": [-7.52251, -7.54799, 62.47087],
							"easing": "easeInOutSine"
						},
						"5.5": {
							"vector": [0, 0, 60],
							"easing": "easeInOutSine"
						}
					}
				},
				"Right_leg2": {
					"rotation": {
						"0.0": {
							"vector": [0, 0, -60]
						},
						"1.5": {
							"vector": [0, 0, -60],
							"easing": "easeInOutSine"
						},
						"2.0": {
							"vector": [0, 0, -90],
							"easing": "easeInOutSine"
						},
						"2.5": {
							"vector": [0, 0, -60],
							"easing": "easeInOutSine"
						},
						"3.0": {
							"vector": [0, 0, -60],
							"easing": "easeInOutSine"
						},
						"3.5": {
							"vector": [0, 0, -97.5],
							"easing": "easeInOutSine"
						},
						"4.0": {
							"vector": [0, 0, -67.5],
							"easing": "easeInOutSine"
						},
						"5.5": {
							"vector": [0, 0, -60],
							"easing": "easeInOutSine"
						}
					}
				}
			}
		},
		"walk": {
			"loop": true,
			"animation_length": 3,
			"anim_time_update": "query.modified_distance_moved * 0.06",
			"bones": {
				"All": {
					"position": {
						"vector": [0, -6, 0]
					}
				},
				"Body": {
					"rotation": {
						"0.0": {
							"vector": [0, 0, -7.5]
						},
						"0.25": {
							"vector": [0, 0, 2.5]
						},
						"0.5": {
							"vector": [0, 0, 7.5]
						},
						"0.75": {
							"vector": [0, 0, 2.5]
						},
						"1.0": {
							"vector": [0, 0, -17.5]
						},
						"1.25": {
							"vector": [0, 0, -5]
						},
						"1.5": {
							"vector": [0, 0, 17.5]
						},
						"1.75": {
							"vector": [0, 0, 5]
						},
						"2.0": {
							"vector": [0, 0, -7.5]
						},
						"2.25": {
							"vector": [0, 0, 2.5]
						},
						"2.5": {
							"vector": [-2.17756, -4.01197, 0.78369]
						},
						"3.0": {
							"vector": [0, 0, -7.5]
						}
					}
				},
				"Body2": {
					"rotation": {
						"0.0": {
							"vector": [0, 0, -10]
						},
						"0.25": {
							"vector": [0, 0, -2.5]
						},
						"0.5": {
							"vector": [0, 0, 5]
						},
						"0.75": {
							"vector": [0, 0, -2.5]
						},
						"1.0": {
							"vector": [0, 0, 15]
						},
						"1.25": {
							"vector": [0, 0, 5]
						},
						"1.5": {
							"vector": [0, 0, -12.5]
						},
						"1.75": {
							"vector": [0, 0, -5]
						},
						"2.0": {
							"vector": [0, 0, 10]
						},
						"2.25": {
							"vector": [0, 0, -2.5]
						},
						"3.0": {
							"vector": [0, 0, -10]
						}
					}
				},
				"bone": {
					"rotation": {
						"0.0": {
							"vector": [7.09999, 21.40584, 18.84359]
						},
						"1.0": {
							"vector": [7.09999, 21.40584, 18.84359]
						},
						"2.0": {
							"vector": [7.09999, 21.40584, 18.84359]
						}
					}
				},
				"bone2": {
					"rotation": {
						"0.0": {
							"vector": [0, 0, 17.5]
						},
						"1.0": {
							"vector": [0, 0, 17.5]
						},
						"2.0": {
							"vector": [0, 0, 17.5]
						}
					}
				},
				"bone3": {
					"rotation": {
						"0.0": {
							"vector": [-8.0634, -21.07593, 21.50238]
						},
						"1.0": {
							"vector": [-8.0634, -21.07593, 21.50238]
						},
						"2.0": {
							"vector": [-8.0634, -21.07593, 21.50238]
						}
					}
				},
				"bone4": {
					"rotation": {
						"0.0": {
							"vector": [-33.40267, -46.60184, 42.22629]
						},
						"1.0": {
							"vector": [-33.40267, -46.60184, 42.22629]
						},
						"2.0": {
							"vector": [-33.40267, -46.60184, 42.22629]
						}
					}
				},
				"bone5": {
					"rotation": {
						"0.0": {
							"vector": [0, 0, 20]
						},
						"1.0": {
							"vector": [0, 0, 20]
						},
						"1.5": {
							"vector": [0, 0, -2.5]
						},
						"2.0": {
							"vector": [0, 0, -2.5]
						},
						"3.0": {
							"vector": [0, 0, 20]
						}
					}
				},
				"bone6": {
					"rotation": {
						"0.0": {
							"vector": [33.5375, 53.13995, 39.63927]
						},
						"1.0": {
							"vector": [32.52928, 55.36677, 39.79284]
						},
						"1.5": {
							"vector": [-17.0272, 59.92538, -17.47632]
						},
						"2.0": {
							"vector": [-17.0272, 59.92538, -17.47632]
						},
						"3.0": {
							"vector": [33.5375, 53.13995, 39.63927]
						}
					}
				},
				"bone7": {
					"rotation": {
						"vector": [-22.5, 0, 0]
					}
				},
				"Head": {
					"rotation": {
						"0.0": {
							"vector": [19.14314, -5.90316, 16.50371]
						},
						"0.25": {
							"vector": [19.98247, -0.85481, 2.34941]
						},
						"0.5": {
							"vector": [19.5623, 4.2453, -11.76782]
						},
						"0.75": {
							"vector": [19.98247, -0.85481, 2.34941]
						},
						"3.0": {
							"vector": [19.14314, -5.90316, 16.50371]
						}
					}
				},
				"Left_arm": {
					"rotation": {
						"0.0": {
							"vector": [-32.5, 0, -22.5]
						},
						"1.0": {
							"vector": [-32.5, 0, -22.5]
						},
						"1.25": {
							"vector": [14.15816, 4.30061, 29.06308]
						},
						"1.5": {
							"vector": [10.73759, -13.64424, 40.04845]
						},
						"2.0": {
							"vector": [10.13037, -14.09707, 42.58096]
						},
						"2.25": {
							"vector": [9.41515, 3.34367, 15.19261]
						},
						"2.5": {
							"vector": [8.24155, 5.65884, 0.32521]
						},
						"3.0": {
							"vector": [-32.5, 0, -22.5]
						}
					}
				},
				"Left_arm2": {
					"rotation": {
						"0.0": {
							"vector": [-15.99088, 0.98106, -1.72217]
						},
						"1.0": {
							"vector": [-16.01716, 3.38419, -2.41189]
						},
						"1.25": {
							"vector": [-3.56288, -11.40336, -0.41496]
						},
						"2.0": {
							"vector": [-3.56288, -11.40336, -0.41496]
						},
						"2.25": {
							"vector": [-3.51213, 6.06381, -1.49174]
						},
						"2.5": {
							"vector": [-5.5649, 4.26002, -24.01279]
						},
						"3.0": {
							"vector": [-15.99088, 0.98106, -1.72217]
						}
					}
				},
				"Left_arm3": {
					"rotation": {
						"0.0": {
							"vector": [-9.42961, 17.07004, 9.42961]
						},
						"1.0": {
							"vector": [-9.56609, 19.53578, 8.99514]
						},
						"1.25": {
							"vector": [-9.0915, -7.61428, 13.43533]
						},
						"2.0": {
							"vector": [-9.0915, -7.61428, 13.43533]
						},
						"2.25": {
							"vector": [-4.54137, -10.94405, -14.23566]
						},
						"3.0": {
							"vector": [-9.42961, 17.07004, 9.42961]
						}
					}
				},
				"Left_arm4": {
					"rotation": {
						"0.0": {
							"vector": [-13.4936, 21.93857, -5.123]
						},
						"1.0": {
							"vector": [-13.4936, 21.93857, -5.123]
						},
						"1.25": {
							"vector": [-12.51153, 2.4407, -0.54143]
						},
						"2.0": {
							"vector": [-12.51153, 2.4407, -0.54143]
						},
						"2.25": {
							"vector": [-12.59617, -1.94898, -20.05871]
						},
						"3.0": {
							"vector": [-13.4936, 21.93857, -5.123]
						}
					}
				},
				"Left_arm5": {
					"rotation": {
						"0.0": {
							"vector": [3.96713, 14.47751, 15.50409]
						},
						"1.0": {
							"vector": [3.96713, 14.47751, 15.50409]
						},
						"1.25": {
							"vector": [4.17122, -22.93459, 12.88294]
						},
						"1.5": {
							"vector": [4.75696, 1.02398, -35.5469]
						},
						"2.0": {
							"vector": [4.75696, 1.02398, -35.5469]
						},
						"3.0": {
							"vector": [3.96713, 14.47751, 15.50409]
						}
					}
				},
				"Left_leg": {
					"rotation": {
						"0.0": {
							"vector": [-42.90066, 21.58692, -69.91384]
						},
						"0.25": {
							"vector": [-6.11751, 7.89813, -57.84901]
						},
						"0.5": {
							"vector": [37.78492, -19.40284, -63.46943]
						},
						"0.75": {
							"vector": [-59.36682, 20.62164, -89.26212]
						},
						"1.0": {
							"vector": [-51.56516, 32.29604, -73.64004]
						},
						"1.25": {
							"vector": [-18.45967, 11.11536, -65.39842]
						},
						"1.5": {
							"vector": [24.64593, -9.9685, -61.76286]
						},
						"1.75": {
							"vector": [-52.05414, 5.42002, -81.54119]
						},
						"2.0": {
							"vector": [-49.04818, 20.93253, -68.52802]
						},
						"2.25": {
							"vector": [7.41886, -3.01677, -59.3561]
						},
						"2.5": {
							"vector": [57.14573, -26.65055, -67.24803]
						},
						"2.75": {
							"vector": [-43.78083, -5.93081, -90.02058]
						},
						"3.0": {
							"vector": [-42.90066, 21.58692, -69.91384]
						}
					}
				},
				"Left_leg2": {
					"rotation": {
						"vector": [0, 0, 60]
					}
				},
				"Right_arm": {
					"rotation": {
						"0.0": {
							"vector": [0, 0, -30]
						},
						"0.25": {
							"vector": [0, 0, -50]
						},
						"0.5": {
							"vector": [0, 0, -65]
						},
						"0.75": {
							"vector": [0, 0, -50]
						},
						"1.0": {
							"vector": [0, 0, -47.5]
						},
						"1.25": {
							"vector": [0, 0, 0]
						},
						"1.5": {
							"vector": [0, -20, 0]
						},
						"2.0": {
							"vector": [0, -20, 0]
						},
						"2.25": {
							"vector": [12.06304, 15.00785, -60.05883]
						},
						"3.0": {
							"vector": [0, 0, -30]
						}
					}
				},
				"Right_arm2": {
					"rotation": {
						"0.0": {
							"vector": [0, 15, 0]
						},
						"1.0": {
							"vector": [0, 15, 0]
						},
						"1.25": {
							"vector": [0, -7.5, 0]
						},
						"1.5": {
							"vector": [-10, -22.5, 0]
						},
						"2.0": {
							"vector": [-10, -22.5, 0]
						},
						"2.5": {
							"vector": [-9.24279, -2.77534, -3.40887]
						},
						"3.0": {
							"vector": [0, 15, 0]
						}
					}
				},
				"Right_arm3": {
					"rotation": {
						"0.0": {
							"vector": [0, 22.5, 0]
						},
						"1.0": {
							"vector": [0, 22.5, 0]
						},
						"1.25": {
							"vector": [1.50701, 4.76804, 17.56274]
						},
						"2.0": {
							"vector": [1.50701, 4.76804, 17.56274]
						},
						"2.25": {
							"vector": [1.08482, 4.88119, 12.54624]
						},
						"2.5": {
							"vector": [1.08992, 7.38074, 12.59395]
						},
						"3.0": {
							"vector": [0, 22.5, 0]
						}
					}
				},
				"Right_arm4": {
					"rotation": {
						"0.0": {
							"vector": [-22.5, 15, 0]
						},
						"1.0": {
							"vector": [-22.5, 15, 0]
						},
						"1.25": {
							"vector": [7.63074, 12.95254, 30.86748]
						},
						"1.5": {
							"vector": [-4.86926, 12.95254, 30.86748]
						},
						"2.0": {
							"vector": [-4.86926, 12.95254, 30.86748]
						},
						"2.5": {
							"vector": [-14.86926, 12.95254, 30.86748]
						},
						"3.0": {
							"vector": [-22.5, 15, 0]
						}
					}
				},
				"Right_arm5": {
					"rotation": {
						"0.0": {
							"vector": [-22.5, 0, 0]
						},
						"1.0": {
							"vector": [-22.5, 0, 0]
						},
						"1.25": {
							"vector": [-10, 0, 0]
						},
						"1.5": {
							"vector": [-35, 0, 0]
						},
						"2.0": {
							"vector": [-35, 0, 0]
						},
						"2.25": {
							"vector": [5, 0, 0]
						},
						"2.5": {
							"vector": [4.98107, 0.43523, -4.98107]
						},
						"3.0": {
							"vector": [-22.5, 0, 0]
						}
					}
				},
				"Right_leg": {
					"rotation": {
						"0.0": {
							"vector": [36.85094, 12.47685, 60.0735]
						},
						"0.25": {
							"vector": [-46.07156, -0.24135, 100.95637]
						},
						"0.5": {
							"vector": [-82.81601, -30.78333, 89.25115]
						},
						"0.75": {
							"vector": [8.90255, 0.15796, 56.76095]
						},
						"1.0": {
							"vector": [41.55784, 14.69589, 63.0013]
						},
						"1.25": {
							"vector": [-50.19965, -20.38768, 82.04811]
						},
						"1.5": {
							"vector": [-54.92009, -27.40486, 75.28512]
						},
						"1.75": {
							"vector": [-17.03259, -9.95354, 63.68656]
						},
						"2.0": {
							"vector": [25.42349, 15.60964, 62.73766]
						},
						"2.25": {
							"vector": [-60.8588, 5.18493, 83.04429]
						},
						"2.5": {
							"vector": [-63.6056, -26.94748, 79.91468]
						},
						"2.75": {
							"vector": [15.0121, 5.67617, 60.33806]
						},
						"3.0": {
							"vector": [36.85094, 12.47685, 60.0735]
						}
					}
				},
				"Right_leg2": {
					"rotation": {
						"vector": [-1.70164, 5.44983, -59.28373]
					}
				}
			}
		}
	},
	"geckolib_format_version": 2
}